design_id,primary_theme,prompt,recommended_product,etsy_title,etsy_tags,thumbnail_brief,mockup_brief,price_usd
SPAI-ETSY-001,Funny Frenchie,"Funny little French bulldog wearing sunglasses and a bucket hat, playful cartoon sticker style, bright colors",Unisex Tee,"Funny Frenchie Sunglasses T-Shirt | Cartoon Dog Gift for Pet Lovers","frenchie shirt;dog lover gift;funny dog tee;cartoon bulldog;pet owner gift;birthday dog gift;cute puppy shirt;streetwear dog style;print on demand tee;dog mom gift;dog dad gift;small business gift;gift for her","Close-up of frenchie face + sunglasses on clean white background with bright accent stroke.","Model wearing black tee outdoors, chest print visible, 3/4 angle + flat lay.",29.99
SPAI-ETSY-002,Pop Art Cat,"Vibrant pop-art cat portrait with halftone texture, neon splashes, centered composition, clean t-shirt graphic",Unisex Tee,"Pop Art Cat Graphic Tee | Neon Cat Shirt for Art Lovers","cat shirt;pop art tee;neon cat design;colorful cat gift;cat mom shirt;cat dad shirt;retro art shirt;animal lover gift;graphic tee women;graphic tee men;funny cat merch;gift for cat owner;modern streetwear","Square crop of neon cat portrait with halftone texture and bright cyan-magenta accents.","Black and white shirt mockups side-by-side with same print for contrast.",29.99
SPAI-ETSY-003,Golden Retriever Sunset,"Golden retriever smiling in retro 90s sunset stripes, vintage distressed print look, bold and friendly",Hoodie,"Golden Retriever Retro Sunset Hoodie | Dog Lover Vintage Sweatshirt","golden retriever;dog hoodie;retro sunset shirt;vintage dog design;pet lover gift;dog mom hoodie;dog dad hoodie;cozy dog sweatshirt;animal print hoodie;gift for dog owner;retro dog style;comfort hoodie;fall dog gift","Retriever portrait with retro stripes and distressed texture, warm orange palette.","Heather and black hoodie mockups with front print and folded detail shot.",52.00
SPAI-ETSY-004,Geisha Watercolor,"Elegant geisha-inspired portrait with cherry blossoms and lantern glow, watercolor and ink illustration",Canvas,"Geisha Watercolor Wall Art | Japanese Inspired Canvas Print","geisha wall art;japanese canvas;watercolor portrait;cherry blossom art;asian decor print;zen room decor;minimal wall decor;gift for art lover;japanese style art;boho wall canvas;home decor gift;living room art;bedroom wall art","Vertical portrait with cherry blossom accents and soft lantern glow in watercolor wash.","Styled interior mockup: canvas above sofa and close zoom on brush texture.",79.00
SPAI-ETSY-005,Koi Minimalist,"Minimalist koi fish yin-yang circle, Japanese tattoo inspired line art, black and red print style",Unisex Tee,"Minimalist Koi Fish Yin Yang Shirt | Japanese Line Art Tee","koi fish shirt;yin yang tee;minimal shirt;tattoo style tee;japanese line art;koi lover gift;zen fashion tee;red black shirt;streetwear minimal;gift for him;gift for her;simple graphic tee;anime inspired art","Centered koi yin-yang symbol with clean black/red line work on transparent background.","White and black tee mockup set, chest print close-up and full body shot.",31.00
SPAI-ETSY-006,Boho Celestial,"Boho celestial moon and stars with subtle constellation details, clean line art for premium tee print",Unisex Tee,"Boho Moon and Stars Shirt | Celestial Minimal Line Art Tee","boho moon shirt;celestial tee;star constellation shirt;witchy aesthetic tee;minimal line art;boho style top;moon phase shirt;astrology gift;spiritual shirt;gift for her;festival outfit;cosmic shirt;boho clothing","Moon and stars line art with subtle constellation dots on dark neutral background.","Earth-tone tee mockup on female model + folded product on linen texture.",30.00
SPAI-ETSY-007,Wildflower Quote,"Hand-painted wildflower bouquet with soft pastel tones and handwritten text Bloom at your pace",Tote Bag,"Bloom at Your Pace Tote Bag | Wildflower Pastel Botanical Design","tote bag floral;wildflower tote;botanical bag;self care gift;pastel aesthetic bag;flower market tote;gift for mom;gift for friend;eco tote bag;daily tote style;spring outfit bag;motivational quote;boho floral gift","Soft wildflower bouquet with handwritten quote, pastel palette and clean center composition.","Lifestyle mockup with tote carried in city street + flat lay with books and flowers.",24.00
SPAI-ETSY-008,Retro Mountain Badge,"Retro mountain adventure badge with pine trees and sunrise, national park poster style t-shirt graphic",Unisex Tee,"Retro Mountain Adventure Shirt | National Park Style Graphic Tee","mountain shirt;hiking tee;adventure graphic;national park shirt;outdoor lover gift;camping shirt;retro travel tee;pine tree design;nature shirt men;nature shirt women;explorer gift;road trip shirt;gift for hiker","Badge-style mountain emblem with sunrise rays and pine silhouettes, vintage print texture.","Model in outdoor scene wearing shirt + close-up badge print detail.",29.99
SPAI-ETSY-009,Cyberpunk Husky,"Cyberpunk husky portrait, neon accents, dark futuristic style",Poster,"Cyberpunk Husky Poster | Neon Dog Wall Art for Gamer Rooms","cyberpunk art;husky poster;neon dog wall art;gamer room decor;futuristic print;sci fi dog art;teen room poster;rgb wall decor;pet lover decor;tech aesthetic art;gift for gamer;gaming setup decor;digital vibe wall","Dark background husky portrait with electric cyan and magenta neon edge highlights.","Poster mockup in RGB desk setup + close-up texture crop.",21.00
SPAI-ETSY-010,Dachshund Chef,"Cute dachshund chef illustration, playful kitchen theme, family-friendly style",Mug,"Dachshund Chef Mug | Funny Dog Coffee Cup Gift","dog mug;dachshund mug;funny coffee cup;kitchen dog gift;pet lover mug;cute dog illustration;gift for mom;gift for coworker;office mug;tea cup gift;kitchen decor mug;dog lover present;small gift idea","Friendly dachshund chef with hat and whisk, bright kitchen-safe color palette.","Mug mockup with morning coffee scene + handle-side print visibility.",18.00
SPAI-ETSY-011,Border Collie Athlete,"Monoline border collie agility pose, modern athletic brand vibe",Unisex Tee,"Border Collie Agility Shirt | Minimal Athletic Dog Lover Tee","border collie shirt;agility dog tee;athletic dog design;minimal line shirt;dog sport gift;pet trainer gift;dog mom tee;dog dad tee;activewear graphic;gym dog shirt;clean logo style;gift for runner;streetwear dog tee","Single-line border collie in running pose with modern brand-like negative space.","Sporty model mockup in motion + flat lay with sneakers and bottle.",30.00
SPAI-ETSY-012,Boho Poodle,"Boho-style poodle with botanical ornaments, earthy tones, premium lifestyle feel",Crewneck Sweatshirt,"Boho Poodle Sweatshirt | Botanical Dog Lover Aesthetic","poodle sweatshirt;boho dog top;botanical dog design;earth tone outfit;pet lover sweatshirt;cozy dog fashion;gift for poodle owner;dog mom style;fall fashion dog;bohemian clothing;premium dog merch;gift for her;casual aesthetic","Poodle portrait with botanical ornaments, clay and moss tone palette.","Neutral sweatshirt mockup in studio + close-up print texture shot.",46.00
SPAI-ETSY-013,Minimal Paw Typography,"Minimal typography plus paw icon composition, clean geometric balance",Unisex Tee,"Minimal Paw Print Shirt | Clean Typographic Dog Lover Tee","paw print shirt;minimal dog tee;typography shirt;clean design tee;pet lover fashion;simple graphic shirt;everyday outfit tee;dog mom minimalist;dog dad minimalist;gift under 35;neutral style shirt;modern pet design;small business apparel","Centered geometric paw icon with short typography and lots of negative space.","White and sand shirt mockups with front-only print, clean ecommerce look.",28.00
SPAI-ETSY-014,Birthday Cat Gift,"Birthday gift design for a cat lover, playful watercolor style, pastel colors, centered composition, clean background",Unisex Tee,"Cat Birthday Gift Shirt | Pastel Watercolor Cat Lover Tee","cat birthday gift;cat lover shirt;pastel cat tee;watercolor cat design;birthday present idea;gift for cat mom;gift for cat dad;cute cat apparel;party cat shirt;pet birthday style;gift for sister;gift for friend;cat fan merch","Playful watercolor cat with confetti and pastel birthday accents.","Birthday party themed mockup with shirt folded near gift box and balloons.",30.00
SPAI-ETSY-015,Vintage City Night,"Vintage Van Gogh style starry night over a city",Canvas,"Vintage Starry Night City Canvas | Artistic Wall Decor","starry night art;vintage city canvas;van gogh inspired;night sky wall art;living room decor;bedroom canvas print;gift for artist;cityscape wall decor;gallery wall piece;home art gift;premium canvas print;modern wall design;housewarming gift","Swirling night sky over city skyline, painterly brush texture and deep blue-gold contrast.","Canvas lifestyle mockup in modern apartment + detail zoom of brushstroke effect.",85.00
SPAI-ETSY-016,Floral Corgi,"Watercolor corgi with floral frame, soft pastel palette, cozy lifestyle aesthetic",Phone Case,"Floral Corgi Phone Case | Pastel Dog Lover Accessory","corgi phone case;dog lover phone case;floral phone cover;pastel aesthetic case;pet owner gift;cute phone accessory;corgi mom gift;corgi dad gift;gift for teen;gift for her;cozy aesthetic style;animal illustration;dog fan accessory","Corgi portrait in floral oval frame, pastel tones and soft edge lighting.","Phone case mockup front/back + hand-held lifestyle shot.",25.00
SPAI-ETSY-017,Neon Wolf,"Geometric wolf in neon colors",Unisex Tee,"Neon Geometric Wolf Shirt | Futuristic Animal Graphic Tee","wolf shirt;geometric wolf;neon animal tee;futuristic shirt;streetwear wolf design;wildlife graphic shirt;gift for gamer;gift for teen;bold statement tee;modern animal art;festival shirt;edgy graphic top;unisex wolf shirt","Angular neon wolf face with symmetric geometry and high contrast glow.","Black tee mockup under dark lighting + close-up neon color pop.",32.00
SPAI-ETSY-018,Cherry Blossom Sunset,"Japanese cherry blossoms at sunset, watercolor",Poster,"Cherry Blossom Sunset Poster | Japanese Watercolor Wall Print","cherry blossom poster;japanese watercolor art;sunset wall print;asian decor poster;calm bedroom decor;gift for her;gift for mom;zen wall art;pastel wall poster;minimal decor print;flower art poster;home office decor;quiet luxury decor","Soft cherry blossoms against warm sunset wash, airy negative space.","Poster mockup in Scandinavian room + close-up on watercolor gradient.",22.00
SPAI-ETSY-019,Cosmic Cat Astronaut,"Cosmic cat astronaut, detailed helmet reflections, galaxy color palette, centered composition",Unisex Tee,"Cosmic Cat Astronaut Shirt | Space Cat Graphic Tee","space cat shirt;astronaut cat tee;cosmic graphic shirt;galaxy cat design;sci fi cat gift;nerd gift shirt;cat lover apparel;funny cat astronaut;gift for him;gift for her;festival cat shirt;unisex graphic tee;space lover gift","Centered cat astronaut with reflective helmet and galaxy gradient background.","Dark tee mockup with glow effect + flat lay near neon accessories.",31.00
SPAI-ETSY-020,Minimal Lion Galaxy,"A majestic lion made of galaxies and stars, high contrast, premium print-ready composition",Hoodie,"Galaxy Lion Hoodie | Majestic Space Lion Graphic Sweatshirt","lion hoodie;galaxy lion design;space animal hoodie;majestic lion art;premium graphic hoodie;gift for men;gift for women;bold streetwear hoodie;night sky artwork;motivational lion design;cosmic fashion;unisex hoodie gift;statement hoodie","Lion portrait filled with starfield and nebula gradients, high contrast center composition.","Charcoal hoodie mockup on model + zoom crop of galaxy detail.",58.00
